id,first_name,last_name,email,gender,ip_address
1,Merrilee,Sams,msams0@privacy.gov.au,Female,97.203.225.62
2,Bobbie,Markel,bmarkel1@wp.com,Female,214.122.78.83
3,Rockwell,Bowller,rbowller2@bbb.org,Male,163.38.26.171
4,Jillian,Bevington,jbevington3@shinystat.com,Female,232.247.127.153
5,Wald,Collens,wcollens4@bizjournals.com,Male,8.193.18.248
6,Conrade,Silly,csilly5@fema.gov,Male,214.214.60.96
7,Darya,Bustin,dbustin6@biglobe.ne.jp,Female,75.94.139.125
8,Dian,Comins,dcomins7@ifeng.com,Female,107.235.147.29
9,Austina,Retter,aretter8@t-online.de,Female,50.30.105.46
10,Auguste,Howse,ahowse9@sogou.com,Female,45.114.73.89
11,Lyle,Driver,ldrivera@samsung.com,Male,99.26.97.153
12,Aimee,Ledner,alednerb@thetimes.co.uk,Female,105.121.191.184
13,Burtie,Coper,bcoperc@pagesperso-orange.fr,Male,63.35.26.23
14,Barnie,Oscroft,boscroftd@edublogs.org,Male,178.14.238.246
15,Berke,Stanyforth,bstanyforthe@paginegialle.it,Male,136.94.31.199
16,Tate,Baglow,tbaglowf@tumblr.com,Male,93.110.155.30
17,Sherwood,Luney,sluneyg@hatena.ne.jp,Male,146.25.12.137
18,Keenan,Ingerfield,kingerfieldh@prnewswire.com,Male,136.156.29.162
19,Tynan,Shooter,tshooteri@aol.com,Male,231.238.219.153
20,Margaret,Dericut,mdericutj@go.com,Female,54.92.111.137
21,Niel,Pomphrey,npomphreyk@nsw.gov.au,Male,104.14.179.115
22,Ania,Klimczak,aklimczakl@comcast.net,Female,255.171.7.83
23,Mort,Gasgarth,mgasgarthm@miibeian.gov.cn,Male,225.200.60.45
24,Forbes,Prydden,fpryddenn@forbes.com,Male,2.185.99.135
25,Laurie,Torpie,ltorpieo@artisteer.com,Agender,81.251.161.103
26,Nicolis,Gallaher,ngallaherp@multiply.com,Male,200.96.8.14
27,Gene,Marnes,gmarnesq@uol.com.br,Male,195.249.212.89
28,Corette,Vlasin,cvlasinr@lycos.com,Female,149.77.251.172
29,Rudie,Newick,rnewicks@blinklist.com,Polygender,123.131.180.55
30,Tatum,Abrahim,tabrahimt@unc.edu,Female,115.1.240.251
31,Virgilio,Franschini,vfranschiniu@bloglines.com,Agender,118.15.226.191
32,Hal,Andras,handrasv@plala.or.jp,Male,140.251.179.163
33,Edy,Londing,elondingw@senate.gov,Female,201.88.50.197
34,Savina,Eagleton,seagletonx@google.co.uk,Female,88.21.110.149
35,Sonnnie,Harraway,sharrawayy@toplist.cz,Female,6.242.68.24
36,Mildrid,Polon,mpolonz@va.gov,Agender,27.16.143.216
37,Renee,Noakes,rnoakes10@wunderground.com,Female,75.79.76.87
38,Edita,Seago,eseago11@bloglines.com,Female,73.125.212.174
39,Glenine,Lob,glob12@tripod.com,Female,26.117.52.15
40,Valencia,Del Dello,vdeldello13@salon.com,Female,202.178.12.27
41,Marissa,Janton,mjanton14@globo.com,Non-binary,57.158.130.233
42,Norene,Surguine,nsurguine15@constantcontact.com,Female,10.129.254.175
43,Ruby,Spellacy,rspellacy16@ovh.net,Female,219.255.232.70
44,Zachariah,McRill,zmcrill17@ycombinator.com,Male,177.97.56.170
45,Jefferey,Ashall,jashall18@smh.com.au,Male,143.218.5.236
46,Lillian,Alesin,lalesin19@alibaba.com,Female,38.200.34.235
47,Doralyn,Scardifeild,dscardifeild1a@1und1.de,Female,207.216.249.112
48,Ella,Chaddock,echaddock1b@ebay.co.uk,Female,103.234.21.239
49,Craggy,Morse,cmorse1c@cpanel.net,Male,99.111.21.24
50,Anthiathia,Littrick,alittrick1d@columbia.edu,Female,201.250.126.68
51,Katina,Chessel,kchessel1e@techcrunch.com,Female,72.217.85.87
52,Ainsley,Lavrinov,alavrinov1f@google.co.jp,Genderqueer,43.168.145.139
53,Farah,Bremley,fbremley1g@spiegel.de,Agender,175.214.51.53
54,Vergil,Dixson,vdixson1h@twitpic.com,Male,122.47.55.6
55,Simona,Holbie,sholbie1i@europa.eu,Female,71.108.147.73
56,Demetre,Marde,dmarde1j@auda.org.au,Male,12.36.231.234
57,Sephira,Creasy,screasy1k@theguardian.com,Female,175.101.115.5
58,Parry,Strongman,pstrongman1l@amazon.co.uk,Male,106.46.170.164
59,Rickey,Human,rhuman1m@japanpost.jp,Male,201.88.91.230
60,Boycie,Spensly,bspensly1n@com.com,Male,252.137.220.222
61,Lori,Atcherley,latcherley1o@yelp.com,Female,51.193.95.171
62,Edin,Peverell,epeverell1p@tinyurl.com,Female,231.34.98.98
63,Dalton,Knottley,dknottley1q@t-online.de,Male,56.196.213.93
64,Patrice,Braz,pbraz1r@amazon.co.jp,Female,82.222.183.34
65,Godfry,Hurcombe,ghurcombe1s@xrea.com,Male,254.24.74.62
66,Loralee,Tottem,ltottem1t@nhs.uk,Female,240.51.31.12
67,Davidde,Ivanishev,divanishev1u@merriam-webster.com,Male,141.85.28.159
68,Nonie,Skittles,nskittles1v@examiner.com,Genderfluid,211.22.115.155
69,Babara,O'Dooghaine,bodooghaine1w@hhs.gov,Female,112.196.50.248
70,Randi,Beckworth,rbeckworth1x@tamu.edu,Male,245.229.150.221
71,Marcille,Truce,mtruce1y@qq.com,Female,161.181.212.192
72,Dugald,Cobello,dcobello1z@ucoz.ru,Male,57.69.148.231
73,Corry,Tod,ctod20@webeden.co.uk,Female,226.42.7.213
74,Dione,Mil,dmil21@xinhuanet.com,Genderqueer,219.244.87.211
75,Caren,Caldicot,ccaldicot22@state.tx.us,Female,134.70.128.132
76,Monte,Troubridge,mtroubridge23@slideshare.net,Male,67.20.3.198
77,Andie,Miklem,amiklem24@amazon.de,Female,150.166.100.68
78,Randolf,Breagan,rbreagan25@google.com,Male,212.190.128.157
79,Frederico,Crankhorn,fcrankhorn26@sakura.ne.jp,Male,35.249.155.79
80,Willie,Wassell,wwassell27@businessweek.com,Female,181.108.198.22
81,Sunshine,Grishmanov,sgrishmanov28@deviantart.com,Non-binary,66.125.45.113
82,Saidee,McCaghan,smccaghan29@youtu.be,Female,173.52.84.27
83,Gustaf,Bend,gbend2a@shareasale.com,Male,67.111.99.50
84,Aaren,Rossetti,arossetti2b@prweb.com,Non-binary,104.243.124.129
85,Adella,Wheatman,awheatman2c@surveymonkey.com,Female,145.1.65.26
86,Madalena,Lamberton,mlamberton2d@sciencedirect.com,Agender,71.117.222.158
87,Gayle,Vinas,gvinas2e@google.ru,Male,236.115.140.226
88,Cicily,Udy,cudy2f@who.int,Polygender,108.4.201.157
89,Vladimir,Kinnar,vkinnar2g@about.me,Male,126.117.174.3
90,Rowney,Delaprelle,rdelaprelle2h@biglobe.ne.jp,Male,78.138.177.192
91,Nolana,Cudd,ncudd2i@unesco.org,Female,154.111.209.183
92,Lorettalorna,Sollas,lsollas2j@addthis.com,Polygender,238.116.194.222
93,Jobie,Yarker,jyarker2k@umn.edu,Female,105.99.103.248
94,Wilt,Priscott,wpriscott2l@amazonaws.com,Male,70.138.74.173
95,Delila,Hockey,dhockey2m@cyberchimps.com,Female,107.173.239.196
96,Jefferson,Warrier,jwarrier2n@weather.com,Male,37.214.184.202
97,Giselbert,Addy,gaddy2o@jalbum.net,Male,64.213.59.34
98,Wilhelmina,Wormell,wwormell2p@hostgator.com,Female,138.148.120.229
99,Jeana,Boss,jboss2q@dot.gov,Female,243.80.178.15
100,Annie,Blackaller,ablackaller2r@google.com.br,Female,148.98.7.249
101,Mamie,Mannakee,mmannakee2s@youku.com,Female,115.29.237.20
102,Dniren,Simnett,dsimnett2t@mtv.com,Female,69.234.109.29
103,Cirilo,Ortner,cortner2u@loc.gov,Male,214.56.85.31
104,Gauthier,Amberson,gamberson2v@1und1.de,Male,190.175.169.36
105,Chas,Downe,cdowne2w@umn.edu,Non-binary,40.205.49.214
106,Colas,Dilnot,cdilnot2x@hostgator.com,Male,154.39.193.219
107,Shaine,Burkett,sburkett2y@booking.com,Male,212.43.188.165
108,Romy,Weson,rweson2z@simplemachines.org,Female,27.7.163.129
109,Sean,Lilywhite,slilywhite30@altervista.org,Female,237.130.213.198
110,Torrin,Rowbottam,trowbottam31@yellowpages.com,Male,2.60.92.200
111,Tye,McLernon,tmclernon32@berkeley.edu,Male,11.44.99.74
112,Adolpho,Kitchenham,akitchenham33@webmd.com,Male,135.177.125.236
113,Serena,Lampert,slampert34@w3.org,Female,201.82.211.164
114,Mohandis,Keohane,mkeohane35@businessinsider.com,Polygender,43.207.221.25
115,Beilul,Barfitt,bbarfitt36@bing.com,Female,229.47.250.53
116,Stephan,Kave,skave37@nsw.gov.au,Male,226.39.127.21
117,Homer,Guiducci,hguiducci38@omniture.com,Male,33.220.228.93
118,Hestia,Killelea,hkillelea39@cbc.ca,Female,21.210.119.93
119,Elita,Chazerand,echazerand3a@yellowpages.com,Female,225.193.36.128
120,Fernandina,Seres,fseres3b@4shared.com,Female,240.56.106.148
121,Gustave,Gowlett,ggowlett3c@comsenz.com,Male,64.12.53.76
122,Addy,di Rocca,adirocca3d@sfgate.com,Male,103.125.26.58
123,Kristen,Meatcher,kmeatcher3e@go.com,Female,97.121.73.186
124,Foss,Pashe,fpashe3f@scribd.com,Male,19.90.15.45
125,Joanie,Ambroisin,jambroisin3g@zdnet.com,Female,56.67.88.138
126,Hedi,Noirel,hnoirel3h@godaddy.com,Female,21.175.150.146
127,Sonnie,Handlin,shandlin3i@macromedia.com,Polygender,210.107.169.249
128,Clair,Gathercoal,cgathercoal3j@telegraph.co.uk,Female,83.64.128.81
129,Jule,Maxted,jmaxted3k@squarespace.com,Male,23.26.121.166
130,Sauveur,Arrington,sarrington3l@paypal.com,Non-binary,106.77.147.190
131,Gabriell,Blachford,gblachford3m@deviantart.com,Female,245.237.203.81
132,Iorgo,Clover,iclover3n@dot.gov,Male,74.40.53.201
133,Jamison,Caldeiro,jcaldeiro3o@shop-pro.jp,Male,246.234.13.164
134,Yoshiko,Mossbee,ymossbee3p@sciencedirect.com,Female,26.25.27.110
135,Briano,Allflatt,ballflatt3q@mit.edu,Male,238.168.21.119
136,Meyer,Franchyonok,mfranchyonok3r@prweb.com,Male,150.33.73.165
137,Shela,Orto,sorto3s@usnews.com,Polygender,229.245.193.213
138,Ashely,Brigstock,abrigstock3t@gnu.org,Female,241.108.49.254
139,Remus,McCanny,rmccanny3u@mac.com,Male,199.153.144.147
140,Chelsae,Alps,calps3v@bloglovin.com,Female,208.182.218.221
141,Guendolen,Donet,gdonet3w@twitpic.com,Female,152.154.192.221
142,Kirsten,Snelling,ksnelling3x@ox.ac.uk,Genderqueer,50.166.3.52
143,Rance,Heaseman,rheaseman3y@gravatar.com,Polygender,164.47.178.45
144,Pace,Clibbery,pclibbery3z@pcworld.com,Male,131.23.99.244
145,Dorelia,Nehls,dnehls40@nationalgeographic.com,Female,135.41.121.16
146,Michaeline,Gourley,mgourley41@house.gov,Female,92.239.159.0
147,Reinaldos,Sweetsur,rsweetsur42@dailymotion.com,Male,60.135.56.178
148,Meg,Skidmore,mskidmore43@amazonaws.com,Female,218.190.161.187
149,Rudd,Voules,rvoules44@meetup.com,Male,123.59.96.62
150,Mirilla,Chessil,mchessil45@over-blog.com,Female,100.161.158.50
151,Cyrill,Lucks,clucks46@ucoz.ru,Male,175.70.165.87
152,Bertrando,Dowrey,bdowrey47@yellowpages.com,Male,176.86.76.219
153,Rocky,Roughan,rroughan48@sfgate.com,Male,195.131.72.38
154,Tybie,Flook,tflook49@godaddy.com,Female,104.149.90.14
155,Yulma,Heady,yheady4a@telegraph.co.uk,Male,157.241.39.136
156,Shel,Folliott,sfolliott4b@seesaa.net,Female,132.92.5.139
157,Gipsy,Morrel,gmorrel4c@ehow.com,Female,225.234.102.195
158,Noland,Dunsford,ndunsford4d@4shared.com,Male,205.169.186.33
159,Kial,Marquis,kmarquis4e@shutterfly.com,Non-binary,61.94.234.19
160,Sherm,Romeo,sromeo4f@linkedin.com,Male,31.198.191.71
161,Doll,Crone,dcrone4g@cam.ac.uk,Female,53.143.122.195
162,Norman,Kemmons,nkemmons4h@github.com,Male,156.240.104.216
163,Lina,Seywood,lseywood4i@japanpost.jp,Female,145.82.0.11
164,Randi,Fearns,rfearns4j@paypal.com,Female,190.238.158.19
165,Torrin,Mottley,tmottley4k@flickr.com,Male,152.9.200.117
166,Dalia,Delieu,ddelieu4l@pinterest.com,Female,59.135.82.7
167,Darbee,Willey,dwilley4m@gizmodo.com,Genderfluid,2.93.251.71
168,Dulcy,MacGovern,dmacgovern4n@about.com,Female,218.22.62.109
169,Eleonora,Beaulieu,ebeaulieu4o@google.com.br,Female,130.38.101.59
170,Judon,Rickman,jrickman4p@foxnews.com,Male,43.35.61.192
171,Marketa,Stubbe,mstubbe4q@exblog.jp,Female,141.221.85.23
172,Waiter,Figge,wfigge4r@wsj.com,Male,252.16.53.231
173,Rebbecca,Blasi,rblasi4s@i2i.jp,Female,117.235.38.235
174,Rourke,Hazlegrove,rhazlegrove4t@phpbb.com,Male,173.209.22.67
175,Annalee,Moorman,amoorman4u@ovh.net,Female,203.27.117.23
176,Marcellus,Gayle,mgayle4v@usatoday.com,Male,193.210.153.100
177,Berrie,Orcott,borcott4w@shop-pro.jp,Female,73.227.228.155
178,Mallorie,Teasey,mteasey4x@vinaora.com,Female,166.174.147.144
179,Kenny,Linskill,klinskill4y@theatlantic.com,Male,78.182.120.223
180,Candis,Bisley,cbisley4z@quantcast.com,Female,95.186.171.96
181,Trudie,Bowling,tbowling50@aol.com,Female,36.215.123.131
182,Jodie,Paynes,jpaynes51@wsj.com,Male,116.214.35.120
183,Rriocard,Garlick,rgarlick52@g.co,Male,84.120.212.71
184,Jorie,Brangan,jbrangan53@sphinn.com,Female,118.217.195.227
185,Crystal,Gobel,cgobel54@umich.edu,Female,62.82.94.96
186,Brockie,Ennion,bennion55@nih.gov,Male,9.216.122.28
187,Erina,Garoghan,egaroghan56@flavors.me,Female,23.17.22.108
188,Elsworth,Joutapavicius,ejoutapavicius57@soup.io,Genderqueer,8.33.248.7
189,Liesa,Maddock,lmaddock58@vistaprint.com,Female,155.212.174.179
190,Joane,Brabham,jbrabham59@google.com.au,Female,162.243.212.27
191,Sigismond,Meredyth,smeredyth5a@tinyurl.com,Male,118.47.80.150
192,Raul,Battelle,rbattelle5b@virginia.edu,Male,105.197.131.153
193,Ewen,Cool,ecool5c@ihg.com,Male,246.221.160.247
194,Marcie,Bissex,mbissex5d@edublogs.org,Female,41.170.81.190
195,Iggie,Druce,idruce5e@dot.gov,Male,226.109.134.227
196,Jaclin,Lead,jlead5f@tinyurl.com,Female,101.94.215.192
197,Charlena,Henderson,chenderson5g@aol.com,Genderfluid,248.7.229.214
198,Heindrick,Ricardo,hricardo5h@canalblog.com,Male,164.0.82.80
199,Inger,Moores,imoores5i@woothemes.com,Male,157.135.83.1
200,Bliss,Just,bjust5j@yahoo.com,Female,193.61.188.2
201,Antonina,Hathway,ahathway5k@adobe.com,Female,11.10.100.44
202,Moe,Meneux,mmeneux5l@examiner.com,Agender,132.30.101.228
203,Layton,Scneider,lscneider5m@examiner.com,Male,92.193.188.23
204,Denni,Hadeke,dhadeke5n@twitpic.com,Female,195.221.47.141
205,Madelon,Bollini,mbollini5o@histats.com,Female,46.172.33.7
206,Jon,Batecok,jbatecok5p@sciencedaily.com,Male,18.131.17.170
207,Giorgi,Dowtry,gdowtry5q@paginegialle.it,Male,98.7.160.126
208,Adrien,Biggerdike,abiggerdike5r@ask.com,Male,222.136.96.115
209,Indira,Peealess,ipeealess5s@google.it,Female,84.56.124.74
210,Leon,Noli,lnoli5t@e-recht24.de,Male,137.130.190.154
211,Robbert,Paaso,rpaaso5u@symantec.com,Male,157.158.21.82
212,Garfield,Shackle,gshackle5v@mediafire.com,Genderqueer,244.165.223.136
213,Lib,Timbrell,ltimbrell5w@mediafire.com,Female,55.147.20.178
214,Garret,Rix,grix5x@theguardian.com,Male,164.21.0.38
215,Ford,Aitken,faitken5y@ucoz.ru,Male,87.79.92.64
216,Rosa,Stockney,rstockney5z@purevolume.com,Female,244.11.243.64
217,Buddy,Gwillyam,bgwillyam60@uiuc.edu,Male,39.138.157.239
218,Lucas,Pymer,lpymer61@diigo.com,Male,161.35.67.0
219,Reinhold,Fahy,rfahy62@usda.gov,Male,13.227.98.230
220,Wolf,Belin,wbelin63@sourceforge.net,Male,202.101.243.141
221,Pattie,Lumpkin,plumpkin64@wikispaces.com,Female,172.245.157.89
222,Ynes,O' Clovan,yoclovan65@uol.com.br,Female,194.135.59.15
223,Elliott,Kydde,ekydde66@zimbio.com,Male,150.155.0.126
224,Joel,Kruschov,jkruschov67@live.com,Male,143.90.136.175
225,Wheeler,Flood,wflood68@multiply.com,Male,55.70.201.156
226,Calli,Vasyagin,cvasyagin69@noaa.gov,Female,231.123.174.139
227,Jarid,Trainer,jtrainer6a@ihg.com,Male,17.98.154.232
228,Nappie,Egarr,negarr6b@cmu.edu,Polygender,10.86.110.179
229,Blondie,Estevez,bestevez6c@techcrunch.com,Genderqueer,57.226.148.139
230,Jocko,Osselton,josselton6d@oaic.gov.au,Male,189.18.178.64
231,Arley,Baish,abaish6e@sphinn.com,Male,160.142.60.68
232,Tina,Ciepluch,tciepluch6f@flavors.me,Female,110.187.174.58
233,Findley,Thirlwall,fthirlwall6g@instagram.com,Male,112.44.132.197
234,Hallie,Kedwell,hkedwell6h@free.fr,Female,48.244.148.192
235,Hillel,Skein,hskein6i@ning.com,Male,167.108.186.76
236,Reagan,Allcock,rallcock6j@cmu.edu,Bigender,162.125.145.24
237,Langston,Bhatia,lbhatia6k@ovh.net,Male,156.35.71.0
238,Hewet,Gleave,hgleave6l@arstechnica.com,Male,22.105.45.122
239,Karrie,Hunting,khunting6m@cloudflare.com,Female,234.128.233.63
240,Nat,Leadley,nleadley6n@live.com,Female,208.202.17.188
241,Betteann,Monsey,bmonsey6o@360.cn,Female,105.129.3.212
242,Dannel,Casham,dcasham6p@blogtalkradio.com,Male,52.168.147.253
243,Vernen,Thurber,vthurber6q@nymag.com,Male,5.85.142.208
244,Terrell,Skittles,tskittles6r@jugem.jp,Male,81.144.222.200
245,Emelia,Rodie,erodie6s@loc.gov,Female,81.251.237.75
246,Carin,Waldie,cwaldie6t@loc.gov,Female,135.47.47.16
247,Zacherie,Bartels-Ellis,zbartelsellis6u@infoseek.co.jp,Male,39.126.160.71
248,Pippo,Vernalls,pvernalls6v@imgur.com,Genderqueer,89.59.24.174
249,Ralph,Eschalotte,reschalotte6w@java.com,Male,221.75.175.35
250,Darell,Tomei,dtomei6x@spotify.com,Female,196.199.235.232
251,Grantley,Ovens,govens6y@ebay.com,Male,21.186.190.248
252,Dora,Kearle,dkearle6z@google.ru,Genderqueer,138.210.190.116
253,Cozmo,Fleeming,cfleeming70@exblog.jp,Male,41.131.126.154
254,Tamqrah,Roberds,troberds71@boston.com,Female,193.209.60.225
255,Hillery,Vinick,hvinick72@homestead.com,Male,178.186.114.132
256,Si,Barfield,sbarfield73@marriott.com,Male,55.85.152.91
257,Farr,Danovich,fdanovich74@intel.com,Male,198.105.210.78
258,Anthe,Hollingsbee,ahollingsbee75@netscape.com,Female,174.226.255.64
259,Gail,Fyall,gfyall76@prweb.com,Female,205.205.3.124
260,Mufinella,Friel,mfriel77@arizona.edu,Female,26.138.218.241
261,Kinna,Beare,kbeare78@google.es,Female,136.74.146.85
262,Penny,Shaddick,pshaddick79@cbsnews.com,Female,53.92.4.111
263,Harland,O'Loinn,holoinn7a@devhub.com,Male,6.104.33.36
264,Jackie,Van Eeden,jvaneeden7b@topsy.com,Male,200.184.65.26
265,Noah,Grime,ngrime7c@theatlantic.com,Male,169.192.81.226
266,Jamal,Hounsome,jhounsome7d@delicious.com,Male,221.76.122.40
267,Lennie,Poundford,lpoundford7e@shutterfly.com,Male,136.114.127.252
268,Immanuel,Mussen,imussen7f@mashable.com,Male,210.160.222.75
269,Chaim,O' Faherty,cofaherty7g@webmd.com,Male,31.193.95.255
270,Barn,Tonsley,btonsley7h@twitpic.com,Male,87.203.160.47
271,Ignacius,Rupp,irupp7i@paypal.com,Male,232.134.57.142
272,Emera,Baumaier,ebaumaier7j@mail.ru,Female,185.109.37.30
273,Forrester,Sellek,fsellek7k@posterous.com,Male,146.155.194.204
274,Lila,Mersey,lmersey7l@webeden.co.uk,Female,109.87.206.18
275,Erik,Guinane,eguinane7m@vinaora.com,Male,134.52.145.169
276,Ole,Hurndall,ohurndall7n@multiply.com,Male,184.96.85.128
277,Paolina,Rantoul,prantoul7o@woothemes.com,Female,86.184.203.99
278,Manuel,Idell,midell7p@ucoz.com,Male,163.127.62.238
279,Terrie,Sewart,tsewart7q@bloglovin.com,Female,171.119.50.36
280,Ruben,Bruyett,rbruyett7r@unc.edu,Male,229.120.192.207
281,Prescott,Ainscow,painscow7s@hhs.gov,Male,221.21.62.171
282,Matthaeus,Wharlton,mwharlton7t@princeton.edu,Male,37.75.149.60
283,Wilburt,Wedmore,wwedmore7u@icio.us,Male,208.36.3.96
284,Sigfrid,Boughtwood,sboughtwood7v@aboutads.info,Male,63.14.252.48
285,Mischa,Bore,mbore7w@nationalgeographic.com,Male,74.76.146.24
286,Jule,Woltering,jwoltering7x@nasa.gov,Male,231.14.13.108
287,Cecil,Sangwin,csangwin7y@cbc.ca,Male,159.150.75.67
288,Hurleigh,Matiewe,hmatiewe7z@etsy.com,Bigender,130.25.111.187
289,Katerina,Elsworth,kelsworth80@statcounter.com,Female,101.11.9.250
290,Muire,Jurewicz,mjurewicz81@last.fm,Female,125.21.254.16
291,Maryjo,Longworth,mlongworth82@ow.ly,Female,210.207.189.139
292,Graham,Menelaws,gmenelaws83@spiegel.de,Male,169.221.99.95
293,Mead,Tremathick,mtremathick84@ibm.com,Male,45.130.46.215
294,Stearn,Frichley,sfrichley85@rediff.com,Male,205.131.239.84
295,Ada,Guinn,aguinn86@nbcnews.com,Female,189.48.27.169
296,Tanney,Moncey,tmoncey87@engadget.com,Male,187.45.186.110
297,Dennis,Haddinton,dhaddinton88@archive.org,Male,54.144.196.211
298,Karlee,Croston,kcroston89@icio.us,Female,99.136.125.70
299,Sharron,Borel,sborel8a@arizona.edu,Female,66.48.198.113
300,Garrick,Ludewig,gludewig8b@amazon.co.jp,Male,21.96.21.151
301,Tailor,Sykes,tsykes8c@oaic.gov.au,Genderqueer,181.10.161.140
302,Trude,Webland,twebland8d@amazon.co.uk,Female,129.13.134.30
303,Allister,Aimer,aaimer8e@sohu.com,Male,146.38.248.220
304,Will,Donati,wdonati8f@mapy.cz,Male,227.201.65.19
305,Kahlil,Davenhall,kdavenhall8g@nba.com,Male,80.6.198.76
306,Jenn,Langrick,jlangrick8h@domainmarket.com,Female,89.224.114.237
307,Leisha,Figgess,lfiggess8i@scientificamerican.com,Female,69.58.94.26
308,Iorgo,Spofforth,ispofforth8j@about.com,Male,103.53.201.23
309,Keene,Mattes,kmattes8k@scientificamerican.com,Male,177.166.48.117
310,Brit,Angus,bangus8l@psu.edu,Genderfluid,53.207.247.21
311,Ilaire,Balffye,ibalffye8m@bravesites.com,Male,171.213.93.240
312,Liam,Izkovitch,lizkovitch8n@addtoany.com,Male,24.14.86.39
313,Pall,O'Siaghail,posiaghail8o@w3.org,Male,245.254.30.19
314,Jim,Ledner,jledner8p@microsoft.com,Male,177.241.211.198
315,Clayborne,Hatwell,chatwell8q@gmpg.org,Male,183.225.144.130
316,Chrisse,L'Hommee,clhommee8r@pinterest.com,Male,78.15.204.208
317,Kiersten,Kinahan,kkinahan8s@t.co,Female,182.160.140.82
318,Joleen,Kerry,jkerry8t@goodreads.com,Female,123.227.55.91
319,Imogen,Silman,isilman8u@phpbb.com,Female,41.212.112.12
320,Freddie,Ruslinge,fruslinge8v@xrea.com,Bigender,66.146.143.168
321,Spence,Rebbeck,srebbeck8w@reddit.com,Male,238.96.139.243
322,Anetta,Ginnaly,aginnaly8x@shinystat.com,Female,90.55.78.249
323,Emmanuel,Pattlel,epattlel8y@51.la,Male,203.54.6.239
324,Asa,Gait,agait8z@delicious.com,Male,63.58.114.40
325,Merrick,Constantine,mconstantine90@pagesperso-orange.fr,Male,189.157.2.208
326,Frederic,Alejo,falejo91@amazon.co.uk,Male,94.31.116.118
327,Juliana,Balnave,jbalnave92@bing.com,Female,72.122.165.54
328,Roth,Kench,rkench93@weebly.com,Male,253.200.188.117
329,Sarah,Storck,sstorck94@seesaa.net,Female,188.242.55.70
330,Edwina,Housin,ehousin95@trellian.com,Female,199.202.222.60
331,Orville,Simmell,osimmell96@ezinearticles.com,Male,192.118.34.54
332,Rosene,Denney,rdenney97@bbc.co.uk,Female,57.193.84.239
333,Gabie,Brody,gbrody98@msn.com,Male,197.152.116.140
334,Isa,Togher,itogher99@businessweek.com,Male,180.183.161.7
335,Edin,Calvert,ecalvert9a@rambler.ru,Female,121.137.229.48
336,Robenia,McJury,rmcjury9b@gizmodo.com,Female,179.39.195.57
337,Vlad,Dearman,vdearman9c@unicef.org,Male,2.130.134.149
338,Sada,Kolodziej,skolodziej9d@over-blog.com,Female,235.177.81.52
339,Raimundo,Fowlestone,rfowlestone9e@opera.com,Male,6.54.60.207
340,Gaelan,Chatten,gchatten9f@posterous.com,Male,65.99.64.10
341,Seymour,Gavini,sgavini9g@washington.edu,Male,31.136.204.0
342,Gracia,Rylatt,grylatt9h@npr.org,Female,71.128.78.212
343,Gwenneth,Kinde,gkinde9i@canalblog.com,Female,139.248.141.41
344,Cammi,Coonihan,ccoonihan9j@sohu.com,Female,212.227.206.193
345,Konstantine,Rosenschein,krosenschein9k@ft.com,Male,155.206.115.115
346,Bettine,Yewdall,byewdall9l@redcross.org,Female,25.87.195.117
347,Yetty,Olenin,yolenin9m@bloglines.com,Female,108.250.44.216
348,Malia,Dewar,mdewar9n@ameblo.jp,Female,126.167.76.174
349,Cornall,Labb,clabb9o@indiatimes.com,Male,16.73.15.18
350,Hank,Island,hisland9p@aboutads.info,Male,95.2.132.221
351,Nickie,Ladewig,nladewig9q@skyrock.com,Female,42.129.138.189
352,Jarrid,Samwayes,jsamwayes9r@ameblo.jp,Genderfluid,87.73.132.169
353,Olympia,Lampbrecht,olampbrecht9s@ft.com,Female,254.245.177.228
354,Cloris,Hebard,chebard9t@oaic.gov.au,Female,111.39.97.124
355,Gaile,Brient,gbrient9u@deliciousdays.com,Male,193.229.89.255
356,Drugi,Peachey,dpeachey9v@earthlink.net,Male,2.108.184.41
357,Avigdor,Poel,apoel9w@mit.edu,Male,52.3.8.185
358,Drew,Josephson,djosephson9x@nyu.edu,Male,44.42.101.42
359,Chantal,Lissandri,clissandri9y@etsy.com,Non-binary,165.250.139.210
360,Flo,Kupker,fkupker9z@forbes.com,Female,94.7.148.173
361,Kimmi,Oakeby,koakebya0@utexas.edu,Bigender,129.30.249.172
362,Hanni,Vowels,hvowelsa1@mlb.com,Female,83.26.201.130
363,Oberon,Allmark,oallmarka2@sitemeter.com,Male,66.108.109.253
364,Aubrey,Sheer,asheera3@china.com.cn,Male,224.87.210.217
365,Abelard,Bolsover,abolsovera4@ameblo.jp,Male,170.162.54.190
366,Lorain,Najera,lnajeraa5@mlb.com,Female,49.93.112.68
367,David,Basley,dbasleya6@archive.org,Male,90.54.236.212
368,Niel,Rapinett,nrapinetta7@cloudflare.com,Male,4.18.76.12
369,Sarge,Bascomb,sbascomba8@indiatimes.com,Male,178.88.106.32
370,Aaron,Kirlin,akirlina9@mediafire.com,Bigender,239.185.15.163
371,Wittie,Redier,wredieraa@disqus.com,Male,192.92.131.151
372,Haley,FitzAlan,hfitzalanab@friendfeed.com,Female,65.178.130.95
373,Dee,Ralphs,dralphsac@wiley.com,Female,252.74.1.100
374,Arlen,Treacher,atreacherad@pcworld.com,Male,45.251.182.48
375,Mora,Pays,mpaysae@e-recht24.de,Polygender,207.224.69.98
376,Augy,Longstreet,alongstreetaf@qq.com,Male,163.23.161.122
377,Tailor,Ygoe,tygoeag@sfgate.com,Male,81.249.140.16
378,Hamel,O'Bradane,hobradaneah@disqus.com,Male,132.230.48.84
379,Hallsy,Van Rembrandt,hvanrembrandtai@surveymonkey.com,Male,213.123.180.252
380,Darell,Nunson,dnunsonaj@squarespace.com,Female,235.127.235.157
381,Peadar,Hryniewicki,phryniewickiak@gmpg.org,Male,93.155.218.45
382,Penrod,Bercevelo,pberceveloal@jimdo.com,Male,112.241.250.40
383,Letty,Gathwaite,lgathwaiteam@blogs.com,Female,220.113.195.207
384,Reidar,Viall,rviallan@google.nl,Male,219.110.115.121
385,Tish,Perkis,tperkisao@dyndns.org,Female,114.185.48.214
386,Eustace,Tredwell,etredwellap@unblog.fr,Male,108.153.128.214
387,Marie-ann,Biggen,mbiggenaq@usda.gov,Female,85.19.220.203
388,Earlie,Purchon,epurchonar@cafepress.com,Male,240.156.1.43
389,Linoel,Winterflood,lwinterfloodas@cnet.com,Male,171.7.110.182
390,Emylee,Lavarack,elavarackat@mapquest.com,Female,210.202.192.240
391,Gillie,Knill,gknillau@zdnet.com,Female,69.86.8.202
392,Marcy,Fedorchenko,mfedorchenkoav@earthlink.net,Female,198.60.60.125
393,Koren,Raeburn,kraeburnaw@de.vu,Female,22.170.81.99
394,Antin,Healey,ahealeyax@ameblo.jp,Male,169.212.7.223
395,Berti,Seligson,bseligsonay@home.pl,Non-binary,68.68.67.11
396,Vinnie,Ogg,voggaz@joomla.org,Female,83.243.200.142
397,Johnathon,Livings,jlivingsb0@noaa.gov,Male,66.123.143.93
398,Aldon,Legat,alegatb1@mail.ru,Male,131.254.164.171
399,Thomasin,Winwood,twinwoodb2@networkadvertising.org,Agender,0.75.127.249
400,Kahaleel,Escala,kescalab3@naver.com,Male,125.13.17.252
401,Randal,Dainter,rdainterb4@mlb.com,Male,249.184.39.94
402,Chuck,Shuttell,cshuttellb5@smugmug.com,Male,166.240.4.218
403,Minerva,Sustin,msustinb6@bloglovin.com,Female,227.45.65.73
404,Gwendolin,Maddyson,gmaddysonb7@twitter.com,Female,83.66.118.71
405,Meredith,Couper,mcouperb8@yahoo.com,Male,243.108.135.222
406,Morgana,Deluze,mdeluzeb9@mozilla.org,Female,106.252.250.180
407,Ewen,Gilkes,egilkesba@mtv.com,Male,6.198.51.40
408,Luce,Spreckley,lspreckleybb@jiathis.com,Male,164.225.250.159
409,Margalo,Scrivinor,mscrivinorbc@slate.com,Female,120.192.30.153
410,Magdaia,Wycherley,mwycherleybd@ca.gov,Female,118.34.220.44
411,Emelina,Gonneau,egonneaube@salon.com,Female,80.40.44.104
412,Lucinda,Aspling,lasplingbf@netvibes.com,Female,138.206.125.47
413,Wallache,Bourgourd,wbourgourdbg@feedburner.com,Male,209.215.27.202
414,Care,MacColgan,cmaccolganbh@netlog.com,Male,194.29.107.195
415,Gilburt,Gwynne,ggwynnebi@ask.com,Genderfluid,76.165.115.148
416,Bronnie,Ragborne,bragbornebj@1und1.de,Male,240.154.173.167
417,Bobby,Boddam,bboddambk@lulu.com,Female,97.217.215.91
418,Charmion,Ivanchikov,civanchikovbl@bbb.org,Polygender,47.225.77.74
419,Morie,Stainton,mstaintonbm@facebook.com,Male,143.187.25.243
420,Laughton,Hellin,lhellinbn@cbc.ca,Male,55.231.47.245
421,Cecelia,Lewsy,clewsybo@senate.gov,Female,213.34.30.212
422,Ancell,Hairs,ahairsbp@blogger.com,Male,15.70.43.108
423,Cassy,Wilde,cwildebq@merriam-webster.com,Genderfluid,71.82.24.212
424,Quintus,McKechnie,qmckechniebr@hud.gov,Agender,226.61.13.249
425,Thadeus,Hanning,thanningbs@gravatar.com,Male,106.54.255.156
426,Tore,Ehrat,tehratbt@state.tx.us,Male,214.83.154.191
427,Dal,Fulun,dfulunbu@stumbleupon.com,Male,123.102.162.127
428,Antonina,Marrow,amarrowbv@examiner.com,Female,178.164.211.75
429,Orland,Molineaux,omolineauxbw@example.com,Male,66.177.144.180
430,Terence,Templeton,ttempletonbx@angelfire.com,Male,77.75.124.93
431,Rania,McCurdy,rmccurdyby@mac.com,Female,17.22.91.117
432,Rivi,Curm,rcurmbz@abc.net.au,Female,31.149.237.97
433,Pippy,Taillard,ptaillardc0@wikia.com,Female,239.224.40.49
434,Doris,Sills,dsillsc1@mozilla.org,Female,58.119.45.140
435,Torie,Qualtrough,tqualtroughc2@mysql.com,Female,199.218.38.226
436,Dionysus,Albrook,dalbrookc3@over-blog.com,Male,17.2.62.28
437,Christy,Poultney,cpoultneyc4@uol.com.br,Female,220.33.158.17
438,Temp,Brocket,tbrocketc5@cargocollective.com,Non-binary,242.183.223.81
439,Darline,Flaunier,dflaunierc6@hatena.ne.jp,Female,70.141.44.137
440,Northrup,Paskell,npaskellc7@hugedomains.com,Male,141.237.19.137
441,Nerty,Freezer,nfreezerc8@github.io,Female,46.119.196.28
442,Hurlee,Hoggetts,hhoggettsc9@addtoany.com,Male,19.195.233.251
443,Andre,Cocks,acocksca@purevolume.com,Male,185.204.39.172
444,Edi,Le Gassick,elegassickcb@wordpress.org,Female,4.195.81.124
445,Talbert,Semorad,tsemoradcc@cmu.edu,Male,180.236.224.17
446,Moises,Greste,mgrestecd@freewebs.com,Male,209.211.154.36
447,Colan,Kail,ckailce@twitpic.com,Male,140.204.211.170
448,Wilfrid,Milbourne,wmilbournecf@scribd.com,Polygender,10.227.42.224
449,Noreen,Nacci,nnaccicg@so-net.ne.jp,Non-binary,171.28.111.247
450,Richmond,Coneybeare,rconeybearech@comsenz.com,Male,102.150.67.112
451,Sybyl,Welbelove,swelbeloveci@bizjournals.com,Female,223.174.162.63
452,Fanni,Werrilow,fwerrilowcj@lulu.com,Female,126.46.206.61
453,Worden,Biddlestone,wbiddlestoneck@mapy.cz,Male,36.217.97.131
454,Jarad,Bretelle,jbretellecl@jiathis.com,Male,205.160.161.119
455,Jilleen,Durber,jdurbercm@domainmarket.com,Female,73.109.141.11
456,Mendie,Kellar,mkellarcn@newyorker.com,Male,6.29.181.111
457,Anstice,Dood,adoodco@dion.ne.jp,Female,160.108.198.118
458,Drusi,Kobierzycki,dkobierzyckicp@loc.gov,Female,159.191.227.117
459,Nelson,Scullin,nscullincq@princeton.edu,Male,237.146.92.169
460,Henka,Bibb,hbibbcr@state.tx.us,Female,31.80.102.172
461,Adamo,Tenpenny,atenpennycs@cdbaby.com,Male,170.204.128.10
462,Fiorenze,Stockwell,fstockwellct@umich.edu,Female,232.57.238.134
463,Cleveland,Falk,cfalkcu@eventbrite.com,Male,42.74.204.137
464,Arlena,Bothwell,abothwellcv@marriott.com,Female,114.98.120.73
465,Hardy,Ghelerdini,hghelerdinicw@example.com,Male,203.18.240.196
466,Sileas,Roffey,sroffeycx@bizjournals.com,Female,104.209.197.225
467,Zulema,Ancell,zancellcy@netvibes.com,Non-binary,140.107.201.209
468,Ase,Narup,anarupcz@yolasite.com,Male,96.232.206.64
469,Rossie,Mallock,rmallockd0@blinklist.com,Male,65.144.209.162
470,Dukie,Hutcheon,dhutcheond1@intel.com,Male,223.29.75.114
471,Dyane,Iamittii,diamittiid2@google.cn,Female,127.236.152.135
472,Joletta,Rubke,jrubked3@google.co.uk,Female,231.169.1.5
473,Natalya,Tift,ntiftd4@bloglovin.com,Female,244.200.64.73
474,Halie,Broske,hbrosked5@cloudflare.com,Female,110.31.80.81
475,Raven,Fransman,rfransmand6@state.tx.us,Female,209.206.31.125
476,Averill,Tinston,atinstond7@studiopress.com,Male,46.181.197.215
477,Davey,Semon,dsemond8@ocn.ne.jp,Male,242.186.254.7
478,Ulberto,Boscott,uboscottd9@bluehost.com,Male,195.171.22.43
479,Aliza,Dukelow,adukelowda@slate.com,Female,75.104.252.228
480,Beniamino,Kingsnod,bkingsnoddb@trellian.com,Male,57.193.254.32
481,Rochell,Wasiel,rwasieldc@go.com,Female,97.116.92.146
482,Yorgos,Catterill,ycatterilldd@prnewswire.com,Male,149.0.166.115
483,Bentlee,Gullivan,bgullivande@google.ca,Male,33.136.50.241
484,Pincas,Shotton,pshottondf@arstechnica.com,Male,110.16.55.237
485,Webb,Bibbie,wbibbiedg@nyu.edu,Male,166.85.95.8
486,Luise,Filpi,lfilpidh@npr.org,Genderqueer,41.107.119.191
487,Toni,Ida,tidadi@sourceforge.net,Female,29.195.94.151
488,Keely,Coules,kcoulesdj@yolasite.com,Female,204.248.95.146
489,Lynn,Ary,larydk@lycos.com,Genderqueer,96.103.16.243
490,See,Syseland,ssyselanddl@sphinn.com,Male,102.62.197.246
491,Nickolai,Plessing,nplessingdm@yahoo.co.jp,Agender,123.40.237.216
492,Olimpia,Gentzsch,ogentzschdn@privacy.gov.au,Female,225.30.155.92
493,Bliss,Caustick,bcaustickdo@vistaprint.com,Female,226.240.72.183
494,Rania,Ellingham,rellinghamdp@unc.edu,Female,5.126.230.28
495,Chester,Cobbold,ccobbolddq@addthis.com,Non-binary,74.98.251.133
496,Rochelle,Latus,rlatusdr@tuttocitta.it,Non-binary,179.16.104.104
497,Allianora,Bodsworth,abodsworthds@webmd.com,Female,166.104.197.61
498,Kelley,Derges,kdergesdt@rakuten.co.jp,Male,101.12.54.244
499,Donella,Riguard,driguarddu@google.com.au,Female,43.52.209.155
500,Giraud,Broy,gbroydv@illinois.edu,Male,162.216.35.244
501,Elset,Paxforde,epaxfordedw@deliciousdays.com,Female,20.171.193.74
502,Cleopatra,Kleeman,ckleemandx@ucoz.com,Female,125.154.128.184
503,Malia,Deary,mdearydy@shop-pro.jp,Female,135.52.109.199
504,Allyn,Baraja,abarajadz@irs.gov,Polygender,232.172.176.40
505,Theodore,Tootin,ttootine0@dropbox.com,Genderfluid,140.69.224.61
506,Kesley,Kennham,kkennhame1@washington.edu,Female,255.74.35.48
507,Leroi,Rapper,lrappere2@sciencedirect.com,Agender,162.205.1.95
508,Nataniel,Ballsdon,nballsdone3@dailymotion.com,Male,254.21.132.243
509,Row,Boshell,rboshelle4@sciencedirect.com,Female,209.242.203.101
510,Fransisco,Maddie,fmaddiee5@salon.com,Male,54.19.136.6
511,Samuel,Dietmar,sdietmare6@altervista.org,Male,51.164.171.46
512,Burlie,Tothacot,btothacote7@about.me,Male,139.132.65.11
513,Vi,Gravet,vgravete8@mayoclinic.com,Female,214.34.143.10
514,Laurent,Chomiszewski,lchomiszewskie9@mozilla.com,Male,138.39.185.26
515,Logan,Carnew,lcarnewea@zdnet.com,Male,136.171.210.35
516,Ali,Casebourne,acasebourneeb@com.com,Female,225.148.154.186
517,Jacki,Tizard,jtizardec@weather.com,Female,3.181.187.51
518,Collin,Skittle,cskittleed@de.vu,Male,15.244.6.35
519,Deck,Ivanyutin,divanyutinee@oakley.com,Male,167.97.91.77
520,Hilda,Roelofsen,hroelofsenef@samsung.com,Female,150.254.240.50
521,Fitzgerald,Schoroder,fschorodereg@indiatimes.com,Male,207.73.102.41
522,Emmerich,Chatel,echateleh@examiner.com,Male,57.68.60.59
523,Salmon,Feragh,sferaghei@cocolog-nifty.com,Male,232.239.101.12
524,Elisha,Mattingson,emattingsonej@seesaa.net,Male,14.145.247.100
525,Robin,Byforth,rbyforthek@nydailynews.com,Female,240.190.156.136
526,Gerianne,Drawmer,gdrawmerel@myspace.com,Female,170.20.93.205
527,Willyt,Brayson,wbraysonem@unc.edu,Female,183.247.155.251
528,Karrie,Codrington,kcodringtonen@ebay.com,Female,197.150.215.107
529,Onida,Strathdee,ostrathdeeeo@columbia.edu,Female,101.70.250.6
530,Rebeca,Drewes,rdrewesep@myspace.com,Female,254.122.167.218
531,Franky,Ezzy,fezzyeq@ucoz.ru,Polygender,234.50.57.17
532,Jodie,Bartlomiejczyk,jbartlomiejczyker@yolasite.com,Male,242.129.170.221
533,Ancell,Stidworthy,astidworthyes@dailymail.co.uk,Bigender,147.231.135.21
534,Ernestus,Heritege,eheritegeet@shutterfly.com,Male,166.240.111.136
535,Boniface,Espin,bespineu@eepurl.com,Male,159.241.213.82
536,Octavius,Oliveto,oolivetoev@hatena.ne.jp,Male,130.207.194.159
537,Mohandas,Campelli,mcampelliew@adobe.com,Male,238.27.129.191
538,Oran,Oakden,ooakdenex@reverbnation.com,Male,193.253.52.132
539,Whitby,Pursey,wpurseyey@163.com,Male,14.146.3.99
540,Vladamir,Teodoro,vteodoroez@comcast.net,Male,217.206.122.72
541,Jamie,Woodard,jwoodardf0@com.com,Male,235.19.227.6
542,Tobie,Stredwick,tstredwickf1@archive.org,Male,125.244.184.190
543,Ruddie,Rodder,rrodderf2@lycos.com,Polygender,240.1.144.92
544,Victoir,Braid,vbraidf3@samsung.com,Male,158.26.39.5
545,Mark,Redding,mreddingf4@parallels.com,Male,163.166.141.237
546,Fulton,Desmond,fdesmondf5@who.int,Male,29.122.182.34
547,Viv,Cathie,vcathief6@businessweek.com,Female,138.173.182.26
548,Skelly,Hassen,shassenf7@comsenz.com,Genderqueer,49.63.176.43
549,Marcellus,Woodus,mwoodusf8@twitter.com,Male,254.165.164.34
550,Alic,Balcock,abalcockf9@icq.com,Male,130.199.167.221
551,Kathe,Normanvill,knormanvillfa@gmpg.org,Female,213.63.89.229
552,Les,Belt,lbeltfb@narod.ru,Male,8.107.114.220
553,Christan,Stannah,cstannahfc@kickstarter.com,Female,238.246.107.221
554,Lanna,Corthes,lcorthesfd@wisc.edu,Female,129.166.248.26
555,Guenna,Padilla,gpadillafe@bandcamp.com,Female,254.107.146.128
556,Joseph,Hunn,jhunnff@howstuffworks.com,Male,26.171.249.220
557,Elle,Bumford,ebumfordfg@sohu.com,Female,124.179.69.167
558,Alvin,Toler,atolerfh@friendfeed.com,Male,77.75.76.155
559,Lilllie,McKelvey,lmckelveyfi@storify.com,Female,73.34.54.117
560,Waylan,Zannotelli,wzannotellifj@dmoz.org,Male,163.170.64.150
561,Guillermo,Maruszewski,gmaruszewskifk@state.gov,Male,1.147.86.3
562,Belvia,Fortman,bfortmanfl@i2i.jp,Female,19.208.209.67
563,Gaby,Piniur,gpiniurfm@pagesperso-orange.fr,Female,201.25.13.114
564,Dewitt,Harkness,dharknessfn@pen.io,Male,237.120.129.208
565,Nichols,Konneke,nkonnekefo@blinklist.com,Male,244.97.68.207
566,Isidore,Yallop,iyallopfp@deviantart.com,Male,28.103.54.228
567,Padraic,Grubey,pgrubeyfq@spiegel.de,Genderfluid,107.86.29.3
568,Cherri,Colliford,ccollifordfr@wikia.com,Female,173.232.200.66
569,Berni,Clampin,bclampinfs@sitemeter.com,Genderfluid,115.188.7.79
570,Hardy,Benoi,hbenoift@etsy.com,Male,199.65.238.155
571,Darci,Pascow,dpascowfu@msu.edu,Female,79.193.147.206
572,Chas,Duncanson,cduncansonfv@bloomberg.com,Male,210.217.167.42
573,Sheila,Tivolier,stivolierfw@symantec.com,Female,125.2.52.195
574,Olin,Haley,ohaleyfx@histats.com,Male,254.117.149.12
575,Maxwell,Greeves,mgreevesfy@tiny.cc,Male,50.219.43.24
576,Glynis,Scudamore,gscudamorefz@ox.ac.uk,Female,19.130.116.99
577,Meta,Sirman,msirmang0@elegantthemes.com,Agender,193.182.111.91
578,Mandel,Noraway,mnorawayg1@slideshare.net,Male,176.30.102.87
579,Marwin,Osmant,mosmantg2@1und1.de,Male,89.173.253.101
580,Judye,Aleso,jalesog3@dyndns.org,Genderfluid,25.172.225.132
581,Byram,MacNockater,bmacnockaterg4@facebook.com,Male,40.49.33.0
582,Brien,Sweeting,bsweetingg5@list-manage.com,Male,202.4.157.197
583,Bobby,Smallacombe,bsmallacombeg6@sfgate.com,Male,149.21.208.66
584,Lyndsay,Scotsbrook,lscotsbrookg7@qq.com,Female,124.79.34.108
585,Mozelle,Brownsall,mbrownsallg8@businessweek.com,Female,204.109.103.45
586,Lannie,Hankey,lhankeyg9@tmall.com,Male,62.121.152.235
587,Earvin,Wybern,ewybernga@virginia.edu,Male,252.123.151.39
588,Sigismund,Bruhn,sbruhngb@phpbb.com,Male,212.218.217.136
589,Dillon,Laffoley-Lane,dlaffoleylanegc@t-online.de,Male,202.227.146.66
590,Fawne,Titt,ftittgd@dell.com,Agender,117.66.0.117
591,Gail,Renn,grennge@nyu.edu,Male,138.10.140.196
592,Nev,Godlip,ngodlipgf@usnews.com,Male,23.41.250.112
593,Gloriana,Bonham,gbonhamgg@ted.com,Female,186.67.237.189
594,Kerby,Mitchall,kmitchallgh@google.co.uk,Male,222.122.115.225
595,Barbara-anne,Savage,bsavagegi@phoca.cz,Female,52.192.137.73
596,Brenda,Catterson,bcattersongj@yolasite.com,Female,144.66.14.153
597,Dulsea,Arbuckle,darbucklegk@apple.com,Female,46.86.59.128
598,Petronilla,Bowmer,pbowmergl@linkedin.com,Female,74.242.135.208
599,Ford,Lydon,flydongm@redcross.org,Male,3.92.218.192
600,Tremain,Skpsey,tskpseygn@etsy.com,Male,26.79.162.39
601,Ragnar,Scholard,rscholardgo@fema.gov,Male,177.187.42.154
602,Jewelle,Nucci,jnuccigp@domainmarket.com,Female,244.84.11.53
603,Jacqui,Arnot,jarnotgq@google.com.hk,Female,87.1.121.167
604,Shirlene,Thynne,sthynnegr@yandex.ru,Female,215.206.48.3
605,Griz,Hill,ghillgs@purevolume.com,Male,16.157.171.197
606,Michaelina,Arthan,marthangt@virginia.edu,Female,108.101.136.205
607,Dominic,Dubarry,ddubarrygu@rediff.com,Male,73.140.88.82
608,Dorthy,Ibert,dibertgv@networkadvertising.org,Non-binary,33.103.216.56
609,Patin,Cicco,pciccogw@google.it,Male,196.91.24.89
610,Norrie,Scarlan,nscarlangx@hostgator.com,Female,254.254.92.114
611,Tailor,Cassimer,tcassimergy@surveymonkey.com,Male,68.17.255.209
612,Aloin,Cubbit,acubbitgz@twitpic.com,Male,196.104.60.120
613,Beale,Curedell,bcuredellh0@examiner.com,Genderfluid,244.78.190.32
614,Worth,Bracco,wbraccoh1@weibo.com,Male,68.30.213.64
615,Nollie,Moniker,nmonikerh2@wiley.com,Male,70.245.13.223
616,Johnette,Power,jpowerh3@blog.com,Female,249.249.50.203
617,Kayne,Penna,kpennah4@i2i.jp,Male,209.19.11.199
618,Malissa,Draper,mdraperh5@tinypic.com,Female,197.81.119.136
619,Pattin,Allanson,pallansonh6@washingtonpost.com,Male,178.253.76.79
620,Yank,Gut,yguth7@tumblr.com,Male,120.83.230.200
621,Merlina,Medina,mmedinah8@latimes.com,Female,95.114.147.36
622,Kellia,Corkill,kcorkillh9@4shared.com,Female,166.70.101.202
623,Augie,Ridder,aridderha@admin.ch,Male,15.62.217.94
624,Hieronymus,Mottinelli,hmottinellihb@meetup.com,Male,179.198.219.61
625,Shea,Horche,shorchehc@qq.com,Male,157.143.209.137
626,Martyn,Bridat,mbridathd@tumblr.com,Male,156.13.59.247
627,Rufe,Gulleford,rgullefordhe@behance.net,Male,41.143.98.137
628,Tait,Paige,tpaigehf@toplist.cz,Male,130.98.166.93
629,Abby,Putton,aputtonhg@exblog.jp,Female,31.204.187.156
630,Caesar,Karpol,ckarpolhh@hp.com,Male,246.230.129.95
631,Marieann,Henken,mhenkenhi@multiply.com,Female,86.168.196.21
632,Lorri,Beeby,lbeebyhj@icio.us,Female,117.171.64.120
633,Johnna,Grouen,jgrouenhk@craigslist.org,Agender,207.189.53.155
634,Hagan,Bonner,hbonnerhl@clickbank.net,Male,55.99.112.39
635,Myrna,Brogi,mbrogihm@miitbeian.gov.cn,Genderqueer,159.11.78.130
636,Petronella,Duthie,pduthiehn@alexa.com,Female,191.190.227.13
637,Clarette,Harrhy,charrhyho@nbcnews.com,Female,91.9.237.101
638,Rhys,Rhucroft,rrhucrofthp@hugedomains.com,Male,205.91.249.47
639,Teodora,Ivashnikov,tivashnikovhq@buzzfeed.com,Female,243.40.88.7
640,Delores,Castellaccio,dcastellacciohr@hexun.com,Female,12.168.229.88
641,Matthias,Davison,mdavisonhs@naver.com,Male,158.125.160.100
642,Aeriel,Guilleton,aguilletonht@cdbaby.com,Female,43.15.221.168
643,Mikael,Duligall,mduligallhu@freewebs.com,Male,179.128.43.228
644,Margarita,Ewence,mewencehv@dion.ne.jp,Female,194.243.26.218
645,Scot,McSweeney,smcsweeneyhw@facebook.com,Male,34.2.24.0
646,Gunner,Dearing,gdearinghx@51.la,Male,43.85.25.60
647,Ursola,Graben,ugrabenhy@google.nl,Female,216.153.220.19
648,Natale,Weems,nweemshz@facebook.com,Male,43.243.175.116
649,Geraldine,Lowten,glowteni0@bbb.org,Female,61.72.229.113
650,Immanuel,Bousfield,ibousfieldi1@businessinsider.com,Male,115.197.42.31
651,Sallyanne,Slaymaker,sslaymakeri2@state.tx.us,Female,129.100.91.31
652,Annissa,Hurle,ahurlei3@simplemachines.org,Female,65.44.226.216
653,Jaclin,Tocknell,jtocknelli4@webs.com,Female,205.21.151.211
654,Wandis,Pelcheur,wpelcheuri5@nydailynews.com,Female,189.103.142.214
655,Rebeca,Byng,rbyngi6@howstuffworks.com,Female,4.222.119.36
656,Cristin,Winpenny,cwinpennyi7@usgs.gov,Genderqueer,171.240.47.125
657,Clea,Richie,crichiei8@examiner.com,Female,117.9.255.80
658,Chrystal,Boydon,cboydoni9@blogs.com,Agender,148.146.198.214
659,Dulcine,Hakeworth,dhakeworthia@omniture.com,Female,192.196.232.123
660,Inger,Baxill,ibaxillib@opera.com,Male,156.32.155.52
661,Nicholle,Wolfindale,nwolfindaleic@whitehouse.gov,Female,37.61.148.188
662,Wallis,Le Marquand,wlemarquandid@furl.net,Male,70.239.177.125
663,Brita,Dizlie,bdizlieie@livejournal.com,Female,212.244.182.65
664,Debbi,Janton,djantonif@constantcontact.com,Female,224.152.189.107
665,Ly,Wilstead,lwilsteadig@washingtonpost.com,Male,70.84.64.189
666,Marlo,Grugerr,mgrugerrih@cornell.edu,Female,54.253.220.164
667,Donal,Westmore,dwestmoreii@bizjournals.com,Male,193.130.251.112
668,Turner,Capin,tcapinij@va.gov,Male,83.38.16.43
669,Ebba,Tite,etiteik@hugedomains.com,Female,206.61.195.31
670,Camey,Hardwin,chardwinil@wiley.com,Male,140.219.84.61
671,Teresita,Hambidge,thambidgeim@ustream.tv,Female,45.63.12.57
672,Temple,Chamley,tchamleyin@over-blog.com,Male,210.173.181.246
673,Clara,Fancutt,cfancuttio@t.co,Female,41.91.10.163
674,Ofelia,Laguerre,olaguerreip@ezinearticles.com,Female,223.247.175.211
675,Davy,Devas,ddevasiq@java.com,Male,136.30.110.59
676,Jed,Patridge,jpatridgeir@census.gov,Male,4.70.98.165
677,Wheeler,Cordet,wcordetis@europa.eu,Male,97.176.17.62
678,Gibb,Andrassy,gandrassyit@phpbb.com,Male,138.75.141.225
679,Josi,Vasovic,jvasoviciu@goo.gl,Female,164.233.179.16
680,Sherri,Moscrop,smoscropiv@weather.com,Female,205.68.241.45
681,Ranique,Trobey,rtrobeyiw@nature.com,Female,141.138.33.180
682,Gertrude,Hackinge,ghackingeix@businesswire.com,Female,37.150.110.219
683,Rhodie,Cricket,rcricketiy@bbc.co.uk,Female,194.228.128.80
684,Boot,Killingbeck,bkillingbeckiz@spiegel.de,Male,226.120.120.86
685,Jordain,Hovert,jhovertj0@tripod.com,Female,100.120.85.187
686,Baldwin,Balaam,bbalaamj1@purevolume.com,Male,232.7.175.195
687,Oriana,Gillanders,ogillandersj2@yahoo.co.jp,Non-binary,32.149.198.121
688,Rayshell,Brugden,rbrugdenj3@github.com,Female,138.51.232.241
689,Wadsworth,Jahan,wjahanj4@oakley.com,Male,85.95.1.172
690,Emmalyn,Gray,egrayj5@4shared.com,Female,9.184.66.124
691,April,Measham,ameashamj6@irs.gov,Female,139.142.1.144
692,Danny,Brastead,dbrasteadj7@qq.com,Male,65.79.63.239
693,Cordey,Franiak,cfraniakj8@skyrock.com,Female,173.122.159.58
694,Ethe,Funnell,efunnellj9@wikipedia.org,Male,152.155.43.45
695,Marcos,Kilian,mkilianja@github.com,Male,146.34.145.243
696,Raffaello,Guslon,rguslonjb@theatlantic.com,Male,21.59.249.208
697,Rabi,McGuirk,rmcguirkjc@deviantart.com,Male,108.196.252.80
698,Benedikta,Farguhar,bfarguharjd@instagram.com,Female,57.62.86.32
699,Enos,Ucchino,eucchinoje@geocities.com,Male,123.229.139.229
700,Candis,Abramowitz,cabramowitzjf@howstuffworks.com,Female,32.46.228.129
701,Bradford,Paylie,bpayliejg@google.es,Male,146.194.41.114
702,Del,Patrone,dpatronejh@google.com,Female,147.214.127.15
703,Clemmy,Frye,cfryeji@usa.gov,Male,229.223.217.174
704,Jude,Vautre,jvautrejj@apache.org,Male,229.76.46.144
705,Ancell,Brunsen,abrunsenjk@parallels.com,Male,114.40.134.196
706,Ashley,Macias,amaciasjl@artisteer.com,Male,214.114.177.8
707,Chariot,Banton,cbantonjm@webmd.com,Male,86.131.243.157
708,Nerissa,Huskinson,nhuskinsonjn@rakuten.co.jp,Female,204.150.58.17
709,Coop,Haddock,chaddockjo@123-reg.co.uk,Bigender,68.23.137.206
710,Cleve,Martusewicz,cmartusewiczjp@sphinn.com,Polygender,44.44.69.210
711,Terrie,Pitcock,tpitcockjq@wix.com,Female,166.233.226.42
712,Artur,Ridgeway,aridgewayjr@vk.com,Male,119.232.60.26
713,Sollie,Torrent,storrentjs@slate.com,Male,217.170.164.204
714,Zachary,Popplestone,zpopplestonejt@sourceforge.net,Male,6.54.124.118
715,Giacomo,Howgill,ghowgillju@go.com,Male,133.131.108.34
716,Garvin,Binion,gbinionjv@imgur.com,Polygender,26.137.16.110
717,Raphael,Rackam,rrackamjw@ebay.com,Male,55.201.218.221
718,Winston,Dulinty,wdulintyjx@tripadvisor.com,Male,95.213.153.215
719,Godiva,Deveraux,gdeverauxjy@mac.com,Female,249.88.155.205
720,Dannel,Andrys,dandrysjz@sciencedirect.com,Polygender,194.225.237.142
721,Dun,Medler,dmedlerk0@apache.org,Male,215.166.226.56
722,Kort,Sarten,ksartenk1@feedburner.com,Male,105.43.82.221
723,Gaspar,Sarchwell,gsarchwellk2@newsvine.com,Male,183.138.87.88
724,Aldric,Kilgrew,akilgrewk3@wikispaces.com,Male,82.51.235.81
725,Ilyssa,Teal,itealk4@mozilla.com,Female,4.195.120.182
726,Gage,Burdett,gburdettk5@springer.com,Male,210.43.28.167
727,Angelika,Huonic,ahuonick6@engadget.com,Female,39.170.0.15
728,Claribel,Upcraft,cupcraftk7@ox.ac.uk,Female,11.50.159.139
729,Nalani,Buscher,nbuscherk8@g.co,Female,35.240.136.17
730,Todd,Christofor,tchristofork9@ed.gov,Male,156.199.228.167
731,Ashbey,Sinkinson,asinkinsonka@opera.com,Male,113.196.245.8
732,Nickola,Berget,nbergetkb@vimeo.com,Male,35.251.248.169
733,Shalom,Allin,sallinkc@ibm.com,Male,93.84.79.103
734,Dolorita,Matusov,dmatusovkd@globo.com,Female,177.201.205.212
735,Shoshana,Dulson,sdulsonke@liveinternet.ru,Female,65.74.130.114
736,Sauncho,Minney,sminneykf@ca.gov,Male,231.131.137.116
737,Sari,Grisdale,sgrisdalekg@berkeley.edu,Polygender,159.95.216.143
738,Ted,Mozzini,tmozzinikh@themeforest.net,Female,207.123.79.123
739,Marchall,Brunskill,mbrunskillki@miitbeian.gov.cn,Male,202.85.54.127
740,Matthus,Ferreres,mferrereskj@dyndns.org,Male,49.204.36.178
741,Barth,Cleghorn,bcleghornkk@cnn.com,Male,37.143.88.115
742,Glenna,Geekie,ggeekiekl@netlog.com,Female,40.211.71.202
743,Jo-ann,Pordall,jpordallkm@netlog.com,Female,125.72.232.40
744,Quentin,Munro,qmunrokn@dmoz.org,Female,78.215.71.228
745,Donia,Learoyde,dlearoydeko@discuz.net,Female,203.155.85.122
746,North,Bamfield,nbamfieldkp@illinois.edu,Male,57.23.46.99
747,Brianna,Algate,balgatekq@amazonaws.com,Non-binary,84.97.60.232
748,Alvie,Kalker,akalkerkr@loc.gov,Male,90.222.186.142
749,Conney,Shilburne,cshilburneks@e-recht24.de,Male,235.245.136.33
750,Maud,D'Onisi,mdonisikt@amazon.de,Female,243.103.158.167
751,Jessalin,Rayne,jrayneku@jugem.jp,Female,178.107.242.241
752,Sam,Forde,sfordekv@nationalgeographic.com,Female,242.30.185.89
753,Corrie,Purkiss,cpurkisskw@youtu.be,Male,200.240.2.246
754,Jedediah,Reddell,jreddellkx@umn.edu,Male,43.192.140.48
755,Gussi,Dorie,gdorieky@nymag.com,Female,207.113.40.10
756,Carrol,Simonetti,csimonettikz@simplemachines.org,Male,255.227.114.230
757,Abeu,Geeraert,ageeraertl0@opera.com,Male,252.248.16.161
758,Patrice,Charke,pcharkel1@sogou.com,Female,242.58.117.134
759,Brady,Stoller,bstollerl2@fema.gov,Male,228.96.27.72
760,Karil,Forson,kforsonl3@cdbaby.com,Female,229.213.157.129
761,Jamey,Morfield,jmorfieldl4@etsy.com,Male,253.30.125.66
762,Maurine,Henningham,mhenninghaml5@indiatimes.com,Female,204.113.85.188
763,Gregoire,Syphas,gsyphasl6@si.edu,Male,120.108.158.135
764,Kelbee,Francomb,kfrancombl7@whitehouse.gov,Male,0.113.197.48
765,Michelle,Itscowics,mitscowicsl8@eepurl.com,Female,9.6.127.232
766,Friedrich,Bennallck,fbennallckl9@state.tx.us,Male,229.46.130.131
767,Arlie,Hebble,ahebblela@sohu.com,Female,219.217.55.63
768,Gabbie,Linke,glinkelb@mit.edu,Female,211.249.238.203
769,Chelsey,Brendel,cbrendellc@tiny.cc,Female,230.68.237.213
770,Royall,Shergill,rshergillld@yellowbook.com,Male,112.246.24.197
771,Tammi,Lummasana,tlummasanale@exblog.jp,Female,164.67.156.232
772,Riane,Caulliere,rcaullierelf@vistaprint.com,Female,40.226.79.176
773,Ogden,Carlsson,ocarlssonlg@pagesperso-orange.fr,Male,174.36.97.56
774,Donia,Blasgen,dblasgenlh@cam.ac.uk,Female,243.175.28.117
775,Lucien,Bolle,lbolleli@digg.com,Male,8.102.246.89
776,Lynde,Hefforde,lheffordelj@sakura.ne.jp,Female,44.27.65.160
777,Waldo,Sidwell,wsidwelllk@odnoklassniki.ru,Genderqueer,244.58.235.171
778,Erastus,McCumskay,emccumskayll@disqus.com,Male,181.240.61.122
779,Wain,Vassar,wvassarlm@tripod.com,Male,54.188.95.52
780,Marinna,Goning,mgoningln@weebly.com,Genderfluid,212.52.179.146
781,Gibb,Peile,gpeilelo@home.pl,Male,238.48.147.151
782,Astrid,Murr,amurrlp@answers.com,Female,182.27.158.66
783,Benedicta,Gashion,bgashionlq@weather.com,Female,26.226.246.183
784,Rolando,Barrick,rbarricklr@businessweek.com,Male,233.39.224.107
785,Nydia,Armstrong,narmstrongls@wikia.com,Female,246.125.136.251
786,Tye,Witten,twittenlt@shutterfly.com,Male,112.87.147.196
787,Early,Goodenough,egoodenoughlu@omniture.com,Male,103.173.168.80
788,Morrie,Bonfield,mbonfieldlv@jalbum.net,Male,235.127.111.210
789,Kelila,Antic,kanticlw@amazon.co.jp,Non-binary,219.79.63.202
790,Penelopa,Kibbe,pkibbelx@youku.com,Female,0.238.159.26
791,Dyana,Pardal,dpardally@scribd.com,Female,71.17.252.157
792,Gail,Brideoke,gbrideokelz@w3.org,Male,114.153.213.187
793,Tracee,Domerc,tdomercm0@nba.com,Female,139.231.113.133
794,Mohandis,Jordine,mjordinem1@nytimes.com,Male,147.233.69.81
795,Tracy,Keynes,tkeynesm2@nature.com,Genderqueer,30.40.152.238
796,Corene,Gherardelli,cgherardellim3@theatlantic.com,Female,234.25.94.201
797,Gaspard,Bome,gbomem4@amazon.de,Male,82.110.113.255
798,Phillie,Kenealy,pkenealym5@npr.org,Female,190.235.85.26
799,Milton,Dictus,mdictusm6@ehow.com,Male,231.141.214.36
800,Carolina,Sherrett,csherrettm7@google.es,Female,51.26.129.12
801,Pegeen,Bentke,pbentkem8@toplist.cz,Genderfluid,11.121.101.170
802,Nowell,Broadwood,nbroadwoodm9@mlb.com,Male,189.41.128.110
803,Timothy,Hendrich,thendrichma@upenn.edu,Male,157.203.93.27
804,Rourke,Glavias,rglaviasmb@usa.gov,Male,89.250.89.93
805,Dominic,Bjorkan,dbjorkanmc@amazonaws.com,Male,247.132.82.208
806,Osbourne,Hew,ohewmd@yelp.com,Bigender,79.237.74.120
807,Cobby,Emloch,cemlochme@virginia.edu,Male,98.73.206.33
808,Spencer,Stivey,sstiveymf@plala.or.jp,Male,141.70.19.246
809,Teresina,Blanckley,tblanckleymg@google.co.uk,Female,113.102.21.226
810,Eugenie,Scouller,escoullermh@dyndns.org,Female,35.189.88.15
811,Dolores,Saddleton,dsaddletonmi@ft.com,Female,101.77.18.98
812,Lorant,Thorrold,lthorroldmj@omniture.com,Male,247.109.225.103
813,Jennica,Hatry,jhatrymk@spotify.com,Female,33.110.69.183
814,Portie,Breeds,pbreedsml@nymag.com,Male,1.46.115.99
815,Pail,Menghi,pmenghimm@comsenz.com,Male,231.153.134.182
816,Deb,Pagel,dpagelmn@dagondesign.com,Female,153.17.79.166
817,Franciska,Greenfield,fgreenfieldmo@wikia.com,Female,86.27.140.235
818,Myra,Ygou,mygoump@yale.edu,Female,144.169.201.113
819,Alon,Waters,awatersmq@hexun.com,Male,238.3.182.227
820,Timoteo,Arens,tarensmr@adobe.com,Agender,70.81.226.217
821,Scarface,Maulden,smauldenms@guardian.co.uk,Male,88.214.45.210
822,Gibbie,Gremain,ggremainmt@cam.ac.uk,Male,42.95.127.122
823,Marcy,Hedworth,mhedworthmu@sakura.ne.jp,Female,148.46.80.15
824,Jorge,Clair,jclairmv@edublogs.org,Male,37.12.107.82
825,Rod,Pole,rpolemw@stumbleupon.com,Male,163.125.218.172
826,Granny,Pearle,gpearlemx@plala.or.jp,Male,24.191.49.228
827,Nathanil,Beaudry,nbeaudrymy@nifty.com,Male,62.242.63.251
828,Mellicent,Flux,mfluxmz@ftc.gov,Polygender,166.221.195.139
829,Virgie,Blonden,vblondenn0@howstuffworks.com,Male,125.206.126.211
830,Joshia,Whild,jwhildn1@trellian.com,Male,213.199.140.191
831,Larry,Routhorn,lrouthornn2@artisteer.com,Male,67.94.239.240
832,Alleyn,Antrum,aantrumn3@webeden.co.uk,Polygender,55.110.196.118
833,Brena,Luker,blukern4@trellian.com,Genderqueer,115.54.191.241
834,Rudolfo,Annell,rannelln5@ehow.com,Male,230.80.136.234
835,Harlin,Bollands,hbollandsn6@seattletimes.com,Male,182.247.139.123
836,Vasili,Marsham,vmarshamn7@spiegel.de,Male,170.150.120.130
837,Gertruda,Picopp,gpicoppn8@tmall.com,Female,55.225.241.234
838,Nada,Tebald,ntebaldn9@ocn.ne.jp,Female,247.11.150.66
839,Paddy,Slimings,pslimingsna@sciencedaily.com,Male,24.66.92.65
840,Mirabella,Swatman,mswatmannb@webnode.com,Female,143.201.41.207
841,Rog,Caldron,rcaldronnc@issuu.com,Male,106.36.112.204
842,Rosabel,Lynam,rlynamnd@creativecommons.org,Female,237.51.70.135
843,Ofella,Scotchmer,oscotchmerne@paginegialle.it,Female,64.70.123.177
844,Twila,Saveall,tsaveallnf@ustream.tv,Female,187.108.34.42
845,Lexi,Doyle,ldoyleng@ning.com,Female,249.219.101.234
846,Sander,Tweedy,stweedynh@earthlink.net,Male,104.186.99.121
847,Jackie,Glavis,jglavisni@npr.org,Female,211.112.137.197
848,Ailey,Knewstubb,aknewstubbnj@rakuten.co.jp,Female,189.246.137.190
849,Kevan,Kop,kkopnk@taobao.com,Male,8.172.251.110
850,Sully,Eric,sericnl@surveymonkey.com,Male,47.127.243.204
851,Chaddy,Nield,cnieldnm@imgur.com,Male,159.68.251.7
852,Cherri,Perelli,cperellinn@ebay.co.uk,Female,149.136.72.135
853,Mireielle,Tirte,mtirteno@unc.edu,Female,151.2.41.187
854,Carmine,Meeking,cmeekingnp@cam.ac.uk,Male,178.235.205.191
855,Susie,Duerdin,sduerdinnq@gmpg.org,Female,28.118.207.102
856,Ulrick,Shipston,ushipstonnr@nytimes.com,Male,44.228.29.1
857,Sibilla,Ewols,sewolsns@mlb.com,Female,222.225.7.16
858,Gena,Lorentzen,glorentzennt@cisco.com,Female,248.121.202.183
859,Arabel,Baunton,abauntonnu@prlog.org,Female,172.197.39.170
860,Jourdain,Gaywood,jgaywoodnv@discuz.net,Male,138.217.43.163
861,Estel,Digges,ediggesnw@tinyurl.com,Female,134.146.73.79
862,Gavan,Chatenet,gchatenetnx@admin.ch,Male,121.187.118.53
863,Adelice,Clissell,aclissellny@ft.com,Agender,218.7.193.112
864,Karim,McElory,kmcelorynz@oaic.gov.au,Male,243.106.32.251
865,Sashenka,Venmore,svenmoreo0@networksolutions.com,Female,72.218.137.227
866,Rowney,Derington,rderingtono1@is.gd,Genderqueer,138.225.168.143
867,Eldridge,Tatem,etatemo2@skype.com,Male,35.167.197.140
868,Lizzy,Gathwaite,lgathwaiteo3@mapy.cz,Female,70.145.154.152
869,Ninnetta,Cobbled,ncobbledo4@instagram.com,Polygender,176.91.204.153
870,Nichole,Fraczkiewicz,nfraczkiewiczo5@mac.com,Female,169.141.239.245
871,Shane,Bonwell,sbonwello6@berkeley.edu,Polygender,151.162.72.97
872,Drusy,Dincey,ddinceyo7@loc.gov,Female,91.200.114.185
873,Fidelity,Koppes,fkoppeso8@google.com,Agender,157.213.193.247
874,Dukie,Anan,danano9@apple.com,Male,242.28.181.56
875,Amye,Kubat,akubatoa@goo.ne.jp,Female,182.122.72.103
876,Nanni,Mapstone,nmapstoneob@over-blog.com,Female,142.180.186.64
877,Erskine,Phittiplace,ephittiplaceoc@geocities.com,Male,87.197.88.88
878,Mead,Ygoe,mygoeod@blogger.com,Female,188.244.119.36
879,Wylie,Ollerearnshaw,wollerearnshawoe@amazon.com,Male,4.51.18.18
880,Caren,Brunger,cbrungerof@dmoz.org,Female,211.31.242.148
881,Llywellyn,Singyard,lsingyardog@1und1.de,Male,101.217.170.5
882,Lyndel,Carnachen,lcarnachenoh@businessinsider.com,Female,147.110.84.185
883,Arabele,Anthonsen,aanthonsenoi@gizmodo.com,Female,237.24.114.234
884,Darbie,Farries,dfarriesoj@yelp.com,Female,89.173.249.219
885,Hanson,Lawranson,hlawransonok@nba.com,Male,105.252.152.254
886,Mathias,Kienl,mkienlol@163.com,Male,54.83.95.60
887,Alexa,Silbermann,asilbermannom@google.ca,Female,215.166.78.74
888,Cleo,Ormes,cormeson@usatoday.com,Female,72.195.122.202
889,Bernadette,Mushett,bmushettoo@aol.com,Female,179.213.49.42
890,Tomasina,Tripp,ttrippop@samsung.com,Polygender,138.200.4.45
891,Tabbatha,Beardwell,tbeardwelloq@businessinsider.com,Female,195.57.149.95
892,Jori,Oughtright,joughtrightor@tumblr.com,Female,95.207.55.5
893,Jacinta,Kondratenya,jkondratenyaos@dropbox.com,Female,117.19.184.83
894,Karoline,Winsper,kwinsperot@prnewswire.com,Female,230.180.2.54
895,Hanson,Schulkins,hschulkinsou@posterous.com,Polygender,80.186.166.60
896,Venita,Brookes,vbrookesov@bigcartel.com,Female,58.15.38.65
897,Remus,Dunnett,rdunnettow@chron.com,Male,118.227.54.243
898,Kasey,Soppeth,ksoppethox@dedecms.com,Female,26.190.21.202
899,Tamma,Naismith,tnaismithoy@washington.edu,Female,160.99.46.181
900,Malcolm,Scholtis,mscholtisoz@auda.org.au,Bigender,132.85.115.34
901,Ivie,Albasini,ialbasinip0@gravatar.com,Female,239.193.193.102
902,Aguie,Feige,afeigep1@themeforest.net,Male,118.0.226.233
903,Florette,Cordie,fcordiep2@joomla.org,Female,2.27.229.135
904,Aubrey,Planks,aplanksp3@mit.edu,Female,30.136.238.113
905,Davin,Pouck,dpouckp4@delicious.com,Male,124.231.66.83
906,Roxi,Shellibeer,rshellibeerp5@time.com,Female,42.13.186.40
907,Belle,Geeritz,bgeeritzp6@tamu.edu,Female,112.60.105.185
908,Lindsay,Gomm,lgommp7@chronoengine.com,Female,237.139.130.39
909,Theresa,Carless,tcarlessp8@google.ca,Female,70.16.109.200
910,Hatty,Reims,hreimsp9@mapquest.com,Female,205.254.60.145
911,Monah,Desmond,mdesmondpa@tamu.edu,Female,90.161.53.177
912,Margarete,Gooderridge,mgooderridgepb@spotify.com,Female,232.94.105.149
913,Truda,Moscrop,tmoscroppc@51.la,Female,6.80.179.154
914,Ramonda,Dabel,rdabelpd@paypal.com,Female,157.198.219.219
915,Rustin,Evitt,revittpe@theglobeandmail.com,Male,106.217.205.86
916,Ameline,Coole,acoolepf@skype.com,Female,191.190.228.216
917,Tally,Gerger,tgergerpg@mapquest.com,Polygender,246.35.240.134
918,Davis,Simanenko,dsimanenkoph@virginia.edu,Male,6.102.214.123
919,Abbie,Kynge,akyngepi@moonfruit.com,Male,166.184.46.14
920,Caitrin,Cranmer,ccranmerpj@ebay.co.uk,Female,222.43.107.164
921,Becki,Sellens,bsellenspk@sun.com,Genderfluid,103.84.223.0
922,Bernelle,Layland,blaylandpl@statcounter.com,Female,14.10.222.39
923,Victoir,Iacovuzzi,viacovuzzipm@icio.us,Male,5.113.232.171
924,Margarethe,Glenny,mglennypn@tinyurl.com,Female,25.98.208.23
925,Muire,Curling,mcurlingpo@harvard.edu,Female,185.228.37.16
926,Larine,Dunsire,ldunsirepp@intel.com,Female,166.163.2.251
927,Monroe,Griffen,mgriffenpq@csmonitor.com,Male,4.73.137.2
928,Licha,Chatterton,lchattertonpr@slate.com,Female,222.91.145.105
929,Simone,Petche,spetcheps@123-reg.co.uk,Female,252.57.94.56
930,Herman,Girt,hgirtpt@timesonline.co.uk,Genderfluid,7.151.19.114
931,Leoline,Tankin,ltankinpu@uiuc.edu,Female,97.166.210.189
932,Che,Sorby,csorbypv@spotify.com,Male,129.151.211.144
933,Edgard,Darth,edarthpw@goodreads.com,Male,248.153.146.84
934,Luca,Harrold,lharroldpx@cpanel.net,Male,49.219.35.192
935,Briggs,Swadling,bswadlingpy@wordpress.org,Male,135.26.197.208
936,Lynea,Phillott,lphillottpz@homestead.com,Female,72.164.112.78
937,Reginauld,Folbigg,rfolbiggq0@sciencedirect.com,Male,92.61.78.202
938,Erl,Degg,edeggq1@ustream.tv,Male,135.5.102.59
939,Jefferey,Bailie,jbailieq2@census.gov,Male,196.125.121.218
940,Asia,Busek,abusekq3@bbb.org,Female,16.249.1.244
941,Alvinia,Gaucher,agaucherq4@arstechnica.com,Female,110.33.95.127
942,Wendall,Letherbury,wletherburyq5@360.cn,Male,107.94.91.77
943,Otis,Riepl,orieplq6@goo.ne.jp,Male,238.110.129.40
944,Adena,Hedman,ahedmanq7@dell.com,Female,102.114.72.235
945,Morlee,Moran,mmoranq8@thetimes.co.uk,Polygender,158.139.208.109
946,Helen,Whitely,hwhitelyq9@xrea.com,Female,14.224.235.11
947,Patin,Blakes,pblakesqa@ftc.gov,Male,160.16.77.83
948,Dinah,Marvell,dmarvellqb@rakuten.co.jp,Female,66.22.53.227
949,Patrica,Boyne,pboyneqc@addtoany.com,Female,239.24.180.145
950,Reena,Finkle,rfinkleqd@facebook.com,Female,94.210.183.16
951,Celinka,Toy,ctoyqe@over-blog.com,Female,160.136.130.10
952,Yolanda,Bains,ybainsqf@dagondesign.com,Female,78.170.109.88
953,Merrie,Comport,mcomportqg@irs.gov,Female,185.28.153.85
954,Brewer,Lockner,blocknerqh@usatoday.com,Male,85.136.92.119
955,Charles,Champkins,cchampkinsqi@1688.com,Male,54.65.56.201
956,Nestor,Shickle,nshickleqj@digg.com,Male,210.35.110.164
957,Raine,Moncarr,rmoncarrqk@acquirethisname.com,Female,73.142.125.42
958,Stefan,Rycraft,srycraftql@washington.edu,Male,147.98.187.234
959,Clem,Delagua,cdelaguaqm@ow.ly,Bigender,210.78.210.238
960,Estell,Pamphilon,epamphilonqn@apache.org,Female,4.174.203.99
961,Pammie,Orrill,porrillqo@miibeian.gov.cn,Female,125.91.89.155
962,De,Blackmuir,dblackmuirqp@ameblo.jp,Female,200.4.86.253
963,Burg,Hellin,bhellinqq@bloomberg.com,Male,54.62.106.236
964,Gram,Sworne,gsworneqr@theguardian.com,Male,171.7.218.69
965,Dan,Dicky,ddickyqs@mashable.com,Male,183.117.145.170
966,Missy,Jouannot,mjouannotqt@tumblr.com,Female,236.107.198.205
967,Brigham,Dominelli,bdominelliqu@webnode.com,Male,177.254.186.43
968,Maynord,Harsum,mharsumqv@yahoo.co.jp,Male,160.201.147.10
969,Hurleigh,MacDonough,hmacdonoughqw@pagesperso-orange.fr,Non-binary,56.74.221.194
970,Dannie,Dulwich,ddulwichqx@yale.edu,Bigender,103.130.250.227
971,Holli,Keeffe,hkeeffeqy@accuweather.com,Female,194.197.78.63
972,Lu,Horwell,lhorwellqz@diigo.com,Agender,172.164.165.76
973,Dody,Arrigucci,darriguccir0@pbs.org,Female,154.84.77.153
974,Sayre,McGinly,smcginlyr1@51.la,Male,173.141.16.128
975,Gustaf,Gussin,ggussinr2@ftc.gov,Male,170.9.169.62
976,Mirabel,Weldrick,mweldrickr3@goodreads.com,Female,198.27.17.165
977,Laverna,Faccini,lfaccinir4@whitehouse.gov,Female,184.243.47.52
978,Laird,Dade,ldader5@elpais.com,Male,105.182.50.101
979,Norry,Acaster,nacasterr6@ucsd.edu,Female,238.150.205.211
980,Yorker,Riccardo,yriccardor7@google.com.br,Male,20.57.108.201
981,Fabiano,Thynne,fthynner8@rambler.ru,Male,179.195.89.57
982,Jere,Inglefield,jinglefieldr9@ucsd.edu,Male,209.95.198.30
983,Jasen,Goligly,jgoliglyra@ow.ly,Male,110.218.77.134
984,Stearne,Scherer,sschererrb@indiegogo.com,Male,81.103.219.105
985,Mandy,Goodenough,mgoodenoughrc@washington.edu,Female,123.206.166.227
986,Esmeralda,Hulburd,ehulburdrd@liveinternet.ru,Female,139.80.228.22
987,Nixie,Sivior,nsiviorre@ed.gov,Female,70.19.70.42
988,Valeda,Joyce,vjoycerf@state.tx.us,Female,0.120.241.37
989,Elmore,Smalman,esmalmanrg@histats.com,Bigender,179.255.239.79
990,Goldie,Tuckie,gtuckierh@fda.gov,Female,23.74.142.159
991,Valma,Licciardello,vlicciardellori@opera.com,Female,64.239.130.225
992,Constancy,Brough,cbroughrj@ycombinator.com,Female,10.212.62.81
993,Jesse,Dennis,jdennisrk@paypal.com,Female,240.78.20.72
994,Ikey,Coning,iconingrl@t.co,Male,52.162.78.156
995,Keeley,Lippitt,klippittrm@etsy.com,Female,67.34.18.25
996,Ilyse,Kerrigan,ikerriganrn@marketwatch.com,Female,211.69.252.154
997,Tresa,Hazeldene,thazeldenero@weibo.com,Female,56.24.130.175
998,Vernor,McGillecole,vmcgillecolerp@nsw.gov.au,Bigender,186.215.88.204
999,Jamal,Worssam,jworssamrq@moonfruit.com,Male,58.31.217.167
1000,Dianemarie,Scholz,dscholzrr@linkedin.com,Female,20.103.151.78
